chr,pos_ini,pos_end,id_hit,classe
14,33967212,33967212,14:33967212:C:A,GWAS_hit
18,76002716,76002716,rs12955421,GWAS_hit
3,2328334,2328334,rs1145036,GWAS_hit
2,29998814,29998814,rs59874571,GWAS_hit
3,2328258,2328258,3:2328258:T:C,GWAS_hit
3,75290033,75290033,rs4263314,GWAS_hit
18,75996882,75996882,18:75996882:G:T,GWAS_hit
18,75996460,75996460,rs12969521,GWAS_hit
18,76000450,76000450,rs71361173,GWAS_hit
18,75996609,75996609,rs7229435,GWAS_hit
18,75996566,75996566,rs7243650,GWAS_hit
18,75997161,75997161,rs7244629,GWAS_hit
5,134520666,134520666,5:134520666:CT:C,GWAS_hit
10,61937130,61937130,rs4948491,GWAS_hit
3,2317302,2317302,rs1143978,GWAS_hit
5,134528909,134528909,rs329122,GWAS_hit
4,142566298,142566298,rs17729514,GWAS_hit
18,75993892,75993892,18:75993892:C:T,GWAS_hit
5,134529762,134529762,rs329124,GWAS_hit
5,134525666,134530666,EWAS_bin_cluster_chr5_1_chr5:134525666-134530666,EWAS_dis_bin
